Fecha,Dia_Tipo,Tiempo,Temp_Min,Temp_Med,Temp_Max,GBA_Demanda_Max_MW,GBA_Demanda_Max_Hora,EDENOR_Demanda_Max_MW,EDENOR_Demanda_Max_Hora,EDESUR_Demanda_Max_MW,EDESUR_Demanda_Max_Hora,SADI_Demanda_Max_MW,SADI_Demanda_Max_Hora,GBA_Energia_MWh,EDENOR_Energia_MWh,EDESUR_Energia_MWh
2025-01-01,Feriado,VARIABLE,23.0,26.7,32.3,6585,15:30,3431,15:45,2630,16:30,18515,21:56,132652,69804,53370
2025-01-02,Hábil,BUENO,20.6,26.0,32.2,7564,15:15,3913,15:45,3098,15:30,22645,15:25,146340,76409,59970
2025-01-03,Hábil,BUENO,17.1,23.1,28.6,6538,21:15,3383,21:30,2618,16:45,20565,15:37,133029,69187,54401
2025-01-04,No,BUENO,16.5,21.4,25.3,5939,21:00,3040,21:15,2323,21:15,19761,15:34,119358,62544,47967
2025-01-05,Feriado,SEMINUBLADO,19.0,22.2,25.4,5812,21:45,3005,21:30,2282,21:30,18391,21:53,113567,59666,45511
2025-01-06,Hábil,SEMINUBLADO,19.7,23.2,28.3,6608,15:45,3430,21:30,2670,15:30,21910,15:06,131838,69082,53589
2025-01-07,Hábil,SEMINUBLADO,20.8,24.6,29.7,7212,15:45,3712,14:45,2940,15:30,22964,15:36,142326,74423,58157
2025-01-08,Hábil,SEMINUBLADO,21.9,25.7,30.8,7733,15:30,4005,15:45,3142,15:30,24131,14:48,151459,80012,61445
2025-01-09,Hábil,BUENO,22.2,26.6,31.9,7939,15:45,4122,15:45,3207,15:30,23227,15:12,157807,83553,63718
2025-01-10,Hábil,SEMINUBLADO,22.8,26.2,31.7,8205,14:45,4296,14:45,3306,15:00,23445,14:21,159623,84293,64634
2025-01-11,No,SEMINUBLADO,22.2,25.4,29.4,6790,15:15,3550,15:45,2675,14:15,20670,15:24,141852,74961,56797
2025-01-12,Feriado,SEMINUBLADO,22.3,25.8,30.0,6953,21:45,3639,22:00,2718,22:00,20258,21:54,134694,71357,53861
2025-01-13,Hábil,BUENO,23.0,26.9,31.4,8432,15:30,4417,15:30,3379,15:45,24814,15:32,163433,86501,66087
2025-01-14,Hábil,SEMINUBLADO,23.3,27.7,32.4,8739,14:45,4562,15:45,3537,15:30,25854,15:10,173323,91705,70276
2025-01-15,Hábil,BUENO,24.2,28.7,34.7,9247,15:30,4853,15:30,3724,15:30,27154,15:22,182889,97153,73903
2025-01-16,Hábil,SEMINUBLADO,26.2,30.1,36.1,10031,14:30,5270,14:45,4015,14:45,27696,14:02,195229,104315,78550
2025-01-17,Hábil,VARIABLE,23.9,27.7,32.7,9700,14:45,5088,14:45,3897,14:45,26586,14:54,186135,98880,75257
2025-01-18,No,VARIABLE,22.2,25.7,29.8,7114,14:00,3724,13:45,2862,14:30,21159,15:19,151254,80021,60838
2025-01-19,Feriado,VARIABLE,20.6,23.0,26.8,6102,00:15,3226,00:15,2433,00:15,17319,21:33,123899,64659,50071
2025-01-20,Hábil,SEMINUBLADO,18.5,22.7,26.9,6630,15:30,3405,15:30,2706,15:00,20549,16:22,131654,68717,53516
2025-01-21,Hábil,BUENO,20.7,25.2,29.1,7478,21:15,3945,21:30,2983,15:45,22814,16:22,145858,76707,59051
2025-01-22,Hábil,BUENO,23.7,29.6,35.7,9255,15:15,4829,15:45,3719,15:45,26156,15:51,176263,93021,71491
2025-01-23,Hábil,SEMINUBLADO,24.8,29.7,34.8,9883,14:45,5183,15:30,3959,15:30,26718,15:22,195603,104246,78717
2025-01-24,Hábil,VARIABLE,23.6,27.9,32.1,9225,14:30,4759,14:30,3755,14:30,25426,13:49,184755,97181,75331
2025-01-25,No,SEMINUBLADO,21.8,27.4,32.1,7438,15:15,3882,16:15,2923,15:45,22004,16:14,154234,81056,62203
2025-01-26,Feriado,SEMINUBLADO,23.4,28.2,32.0,7582,22:00,3928,22:00,3009,22:15,21116,22:32,146216,76921,58901
2025-01-27,Hábil,VARIABLE,23.2,26.1,29.2,8536,21:30,4515,21:30,3412,15:15,24160,15:08,169459,89578,68727
2025-01-28,Hábil,SEMINUBLADO,22.5,25.9,30.1,8846,15:30,4609,15:30,3538,15:30,23512,14:51,172417,91548,69517
2025-01-29,Hábil,SEMINUBLADO,21.7,26.1,31.2,8932,15:15,4677,15:45,3590,15:45,24935,15:39,171972,91164,69214
2025-01-30,Hábil,BUENO,24.2,26.3,29.6,8723,15:15,4561,15:30,3459,14:45,25891,15:23,173398,92394,69508
2025-01-31,Hábil,BUENO,23.0,26.2,30.1,8674,15:30,4532,15:30,3475,15:45,26262,15:39,170294,90566,68311
2025-02-01,No,SEMINUBLADO,23.6,27.9,32.2,8089,15:45,4291,15:30,3160,15:15,23783,15:40,163544,87161,65098
2025-02-02,Feriado,SEMINUBLADO,24.7,29.5,35.2,8687,22:00,4612,22:15,3382,22:15,23665,22:14,166189,88525,66112
2025-02-03,Hábil,SEMINUBLADO,26.3,31.3,37.2,10700,14:45,5591,15:45,4317,15:00,28615,14:06,207316,110053,83856
2025-02-04,Hábil,VARIABLE,23.8,26.9,31.3,8986,00:15,4844,00:15,3604,16:00,25233,15:28,184926,97250,75592
2025-02-05,Hábil,VARIABLE,21.2,23.3,25.4,7103,00:15,3765,00:15,2889,12:30,22746,13:41,153206,80266,62507
2025-02-06,Hábil,BUENO,19.0,24.2,28.9,7712,21:00,4030,21:15,3148,15:45,24581,16:12,151203,79096,61642
2025-02-07,Hábil,BUENO,22.2,27.1,31.4,8436,15:45,4365,15:45,3421,15:45,26093,14:22,166472,86996,68183
2025-02-08,No,SEMINUBLADO,23.8,28.5,32.6,8611,21:30,4525,21:30,3413,21:30,25127,15:49,166918,88047,67408
2025-02-09,Feriado,SEMINUBLADO,19.4,24.5,28.0,7734,00:15,4149,00:15,3092,00:15,22381,16:15,141996,75182,56709
2025-02-10,Hábil,SEMINUBLADO,23.7,30.5,38.5,10629,15:30,5586,15:30,4310,15:45,30257,14:47,195193,103419,79215
2025-02-11,Hábil,TORMENTOSO,16.7,22.9,28.5,9105,00:15,4904,00:15,3607,00:15,23723,15:08,156057,81910,63995
2025-02-12,Hábil,VARIABLE,21.0,22.9,25.9,6755,14:45,3479,21:00,2811,14:30,21496,14:58,141009,73177,58133
2025-02-13,Hábil,BUENO,20.6,25.1,30.3,7393,15:45,3808,15:45,3022,15:15,22096,15:28,146030,76355,59636
2025-02-14,Hábil,VARIABLE,21.7,24.3,28.2,7279,13:00,3765,13:30,2995,13:00,23357,14:45,141702,73631,58290
2025-02-15,No,VARIABLE,19.7,24.5,28.1,6874,21:00,3563,21:15,2726,21:00,20227,20:52,130584,67933,52961
2025-02-16,Feriado,SEMINUBLADO,23.0,25.8,30.3,6909,21:30,3569,21:30,2763,21:45,20039,21:35,134676,70215,54746
2025-02-17,Hábil,BUENO,17.3,25.5,31.9,8145,15:00,4221,15:45,3324,15:30,22317,15:44,155152,80966,63579
2025-02-18,Hábil,BUENO,13.1,18.4,22.5,6186,21:00,3227,21:00,2432,20:45,19108,21:10,124422,65002,50311
2025-02-19,Hábil,SEMINUBLADO,15.7,23.0,28.8,7039,21:15,3699,21:00,2827,15:45,21492,16:23,136167,71008,55672
2025-02-20,Hábil,BUENO,22.8,27.6,32.3,8788,21:15,4669,21:30,3502,16:00,24995,15:53,165731,87463,67208
2025-02-21,Hábil,VARIABLE,25.6,30.3,34.8,10430,15:30,5499,15:45,4184,15:30,28904,15:23,197950,105696,79633
2025-02-22,No,VARIABLE,23.5,26.4,30.0,8454,0:15,4587,0:15,3316,0:15,24798,16:19,166012,88234,67918
2025-02-23,Feriado,LLUVIOSO,25.2,28.0,31.3,8883,21:30,4664,21:45,3539,21:45,25001,22:07,161209,84819,65801
2025-02-24,Hábil,TORMENTOSO,22.2,24.6,28.0,7876,00:15,4195,00:15,3204,00:15,23969,13:46,160296,82496,66960
2025-02-25,Hábil,LLUVIOSO,23.0,25.0,26.8,7701,21:00,3918,21:00,3112,21:00,23059,21:02,153217,77816,64331
2025-02-26,Hábil,LLUVIOSO,22.4,24.4,26.9,7689,13:15,3891,13:30,3175,13:45,23302,13:38,151309,77926,62940
2025-02-27,Hábil,NUBLADO,22.6,25.5,28.9,8116,21:00,4256,21:00,3224,21:00,22748,21:34,153496,79542,63289
2025-02-28,Hábil,TORMENTOSO,23.6,25.9,28.1,7696,15:45,3989,15:45,3214,11:15,23334,15:06,162071,84297,66677
2025-03-01,No,TORMENTOSO,22.3,25.0,29.0,7042,20:30,3598,20:45,2815,21:00,20736,20:52,139062,72054,56869
2025-03-02,Feriado,TORMENTOSO,20.4,23.1,25.4,5995,00:15,3054,00:15,2435,00:15,18304,21:00,120989,62473,49519
2025-03-03,Feriado,TORMENTOSO,22.5,23.5,24.3,5903,21:15,3003,20:45,2352,21:15,19291,21:11,117121,60459,47741
2025-03-04,Feriado,VARIABLE,21.4,24.7,28.8,6762,21:00,3493,21:15,2607,21:15,21617,21:35,124833,65276,50254
2025-03-05,Hábil,BUENO,25.2,29.9,35.1,10287,21:00,5564,21:15,4002,21:15,27288,16:10,183629,100630,71133
2025-03-06,Hábil,BUENO,26.5,31.2,35.8,10897,15:45,5781,21:00,4405,15:45,28679,14:55,215630,115349,86457
2025-03-07,Hábil,BUENO,28.0,30.8,34.1,10794,14:15,5677,14:15,4345,14:45,28739,15:39,218791,116411,88209
2025-03-08,No,TORMENTOSO,17.7,19.8,22.2,7708,00:15,4329,00:15,2973,00:15,16801,20:39,125187,67396,49264
2025-03-09,Feriado,BUENO,13.2,18.0,23.1,5389,20:45,2761,20:45,2100,21:00,16039,20:53,101210,52658,40537
2025-03-10,Hábil,BUENO,15.0,20.2,24.2,6213,20:45,3229,20:45,2444,21:00,18499,20:54,119145,61894,48631
2025-03-11,Hábil,VARIABLE,16.2,19.3,22.4,6065,20:45,3155,20:45,2391,20:45,18410,20:38,121639,63297,49438
2025-03-12,Hábil,VARIABLE,15.7,18.4,22.2,6073,20:45,3156,20:45,2385,20:45,17908,20:45,119586,62244,48233
2025-03-13,Hábil,SEMINUBLADO,13.6,17.5,22.8,6068,20:45,3144,20:45,2387,21:00,17632,20:51,119045,61909,48127
2025-03-14,Hábil,VARIABLE,13.2,19.0,24.3,5959,20:30,3078,20:45,2352,20:30,17432,20:29,119566,62015,48520
2025-03-15,No,SEMINUBLADO,15.0,20.5,24.8,5553,20:30,2841,20:30,2213,20:45,16528,20:35,110289,57063,44496
2025-03-16,Feriado,SEMINUBLADO,20.2,22.3,26.8,5601,20:45,2868,20:45,2232,21:00,16732,20:39,104562,53929,42262
2025-03-17,Hábil,SEMINUBLADO,20.3,24.2,28.6,6858,20:30,3597,20:45,2712,20:45,19665,20:44,130847,68119,53419
2025-03-18,Hábil,VARIABLE,20.2,24.7,31.6,7478,14:45,3937,20:45,3090,14:30,21098,20:41,145660,76444,59461
2025-03-19,Hábil,BUENO,21.7,26.6,31.9,8175,20:45,4288,20:45,3340,15:30,22158,15:17,159346,83400,65502
2025-03-20,Hábil,SEMINUBLADO,21.4,26.9,32.4,8491,20:30,4450,21:00,3468,15:45,22592,15:25,165622,86132,68397
2025-03-21,Hábil,SEMINUBLADO,23.3,27.4,31.9,8760,15:00,4503,15:30,3606,15:15,22440,14:43,170537,88927,70354
2025-03-22,No,VARIABLE,21.7,25.2,27.4,7038,00:15,3711,00:15,2824,00:15,18758,20:22,143680,74266,59143
2025-03-23,Feriado,VARIABLE,19.6,20.7,22.8,5486,20:45,2792,20:45,2167,21:00,16153,20:32,112014,58120,45289
2025-03-24,Feriado,VARIABLE,18.6,21.2,25.7,5871,20:30,3006,20:45,2317,20:45,16998,20:57,111082,57298,45039
2025-03-25,Hábil,BUENO,16.4,20.6,25.1,6430,20:45,3344,20:45,2511,20:45,18384,20:35,124718,64848,50708
2025-03-26,Hábil,SEMINUBLADO,18.6,22.3,26.2,6667,20:30,3487,20:45,2629,20:30,19309,20:27,130459,68037,53032
2025-03-27,Hábil,SEMINUBLADO,21.4,25.1,29.6,7426,20:45,3877,20:45,3041,14:45,19368,20:35,145982,76215,59638
2025-03-28,Hábil,VARIABLE,19.6,23.1,27.0,6737,13:15,3455,20:30,2767,12:45,18778,20:20,140851,72898,57934
2025-03-29,No,SEMINUBLADO,16.4,21.9,26.6,6068,20:30,3133,20:30,2419,21:00,17735,20:03,122104,63596,49359
2025-03-30,Feriado,VARIABLE,16.6,24.2,30.6,7117,20:00,3738,20:00,2842,20:15,18927,20:09,122350,63805,49494
2025-03-31,Hábil,VARIABLE,14.0,17.3,22.4,6098,20:30,3150,20:45,2406,20:45,17478,20:44,119756,61990,48696
2025-04-01,Hábil,SEMINUBLADO,11.5,17.0,21.0,5960,20:30,3083,20:45,2349,20:45,17418,20:41,119238,61681,48367
2025-04-02,Feriado,SEMINUBLADO,13.8,19.5,26.2,5674,20:45,2937,20:45,2247,20:45,16546,20:43,109206,56567,43937
2025-04-03,Hábil,VARIABLE,10.1,17.1,23.4,6180,20:45,3193,20:45,2427,20:45,17802,20:55,119468,61839,48372
2025-04-04,Hábil,BUENO,7.6,12.4,17.9,6384,21:00,3318,21:00,2509,21:00,17932,20:28,125893,65017,50769
2025-04-05,No,SEMINUBLADO,10.8,15.4,19.1,5802,20:30,2956,20:45,2318,21:00,16616,20:40,117077,59730,47339
2025-04-06,Feriado,SEMINUBLADO,14.4,18.7,23.2,5559,20:45,2832,20:45,2209,21:00,16134,20:42,106730,54455,43195
2025-04-07,Hábil,VARIABLE,16.2,17.7,19.0,6513,20:45,3385,21:00,2555,20:45,18162,20:49,123091,63715,49855
2025-04-08,Hábil,VARIABLE,17.2,20.0,22.7,6346,20:45,3297,20:45,2502,20:45,17923,20:50,126117,65333,51038
2025-04-09,Hábil,VARIABLE,18.2,20.4,23.1,6185,20:30,3195,20:45,2440,20:30,17596,20:39,123729,64047,50144
2025-04-10,Hábil,VARIABLE,19.0,20.6,23.1,6113,20:30,3182,20:30,2409,20:30,17260,20:22,120435,62740,48439
2025-04-11,Hábil,VARIABLE,20.0,22.2,25.9,6158,20:15,3186,20:30,2446,20:30,17560,21:02,124828,64758,50677
2025-04-12,No,VARIABLE,15.8,21.1,26.0,5525,20:45,2805,20:30,2200,20:00,16140,20:19,112920,58063,45714
2025-04-13,Feriado,SEMINUBLADO,12.8,17.6,24.3,5413,20:45,2772,20:45,2147,21:00,15591,21:23,102591,52462,41488
2025-04-14,Hábil,SEMINUBLADO,11.4,17.3,22.9,6267,20:45,3229,20:45,2475,20:45,17904,20:45,120835,62279,49092
2025-04-15,Hábil,VARIABLE,16.6,18.4,22.0,6287,20:45,3231,20:45,2497,20:45,18247,20:28,124222,63826,50562
2025-04-16,Hábil,VARIABLE,14.2,17.3,20.7,6153,20:30,3153,21:00,2437,20:45,17841,20:36,123616,63524,50228
2025-04-17,No,VARIABLE,13.4,17.2,22.4,5861,20:30,3077,21:00,2284,20:45,17855,20:33,119772,62386,48251
2025-04-18,Feriado,SEMINUBLADO,13.8,17.1,22.4,5479,20:45,2800,21:00,2178,21:00,16209,20:56,107824,55629,43450
2025-04-19,No,SEMINUBLADO,10.8,15.0,20.9,5694,21:00,2904,21:00,2263,21:00,16653,20:36,110860,56364,44945
2025-04-20,Feriado,SEMINUBLADO,10.0,14.3,19.9,5790,21:00,2976,21:00,2293,21:15,16448,20:52,108396,55232,43709
2025-04-21,Hábil,SEMINUBLADO,11.5,16.7,20.7,6383,20:30,3313,20:45,2518,21:00,18155,20:33,125261,64446,50684
2025-04-22,Hábil,SEMINUBLADO,16.4,20.3,25.0,6259,20:30,3246,20:45,2463,20:45,17895,20:22,124414,64219,50426
2025-04-23,Hábil,VARIABLE,18.9,21.8,27.0,6264,20:30,3254,21:00,2486,20:30,18099,20:26,124122,64268,50363
2025-04-24,Hábil,SEMINUBLADO,17.2,19.5,23.0,6229,20:45,3224,21:00,2462,20:45,18008,20:32,123625,64005,50086
2025-04-25,Hábil,VARIABLE,17.6,22.2,26.8,6171,20:15,3212,20:30,2440,20:00,18090,20:42,124835,64936,50508
2025-04-26,No,VARIABLE,12.2,17.2,21.4,5633,20:45,2858,21:00,2234,20:45,16770,20:16,111088,57141,44853
2025-04-27,Feriado,BUENO,11.0,16.2,23.0,5678,20:45,2886,21:00,2256,20:45,16183,20:26,108148,55134,43664
2025-04-28,Hábil,BUENO,10.3,15.9,23.0,6500,20:45,3357,20:45,2548,21:00,18148,20:54,125374,64457,50759
2025-04-29,Hábil,BUENO,9.6,16.3,22.7,6463,20:30,3321,20:45,2539,21:00,18129,20:48,128558,66263,51946
2025-04-30,Hábil,SEMINUBLADO,13.4,18.7,24.6,6072,20:15,3133,20:45,2408,20:45,17479,20:17,125694,64731,50818
2025-05-01,Feriado,SEMINUBLADO,16.3,18.8,20.8,5387,20:30,2752,20:45,2128,21:00,15431,20:32,106113,54358,42583
2025-05-02,No,SEMINUBLADO,13.7,19.0,25.7,5844,20:30,2995,20:30,2310,20:30,17284,20:18,115446,59441,46573
2025-05-03,No,SEMINUBLADO,13.3,18.9,25.4,5488,20:30,2775,20:45,2180,21:00,16430,20:15,109611,55953,44331
2025-05-04,Feriado,VARIABLE,18.3,22.0,27.7,5494,20:45,2804,20:45,2190,20:45,16018,20:34,103998,53140,42244
2025-05-05,Hábil,VARIABLE,16.1,17.9,19.0,6400,20:45,3296,20:45,2544,20:30,18390,20:25,122988,63511,50172
2025-05-06,Hábil,VARIABLE,18.2,21.2,24.9,6348,20:30,3301,20:45,2509,20:45,18231,20:28,125178,64942,51028
2025-05-07,Hábil,VARIABLE,18.8,20.2,22.3,6341,20:30,3268,20:45,2504,20:45,18250,20:45,124840,64905,50899
2025-05-08,Hábil,VARIABLE,16.0,19.2,22.7,6371,20:30,3266,20:45,2529,20:45,18496,20:36,125828,65157,51372
2025-05-09,Hábil,SEMINUBLADO,13.8,18.2,23.6,6107,20:30,3164,20:45,2413,20:45,17634,20:40,123898,64250,50417
2025-05-10,No,SOLEADO,12.8,17.2,22.8,5620,20:45,2877,21:00,2252,21:00,16419,20:25,113355,58236,46164
2025-05-11,Feriado,SOLEADO,11.4,16.5,20.3,5777,21:00,2954,21:00,2302,21:15,16158,20:52,108021,55368,43964
2025-05-12,Hábil,BUENO,14.4,17.1,20.4,6543,20:45,3417,20:45,2580,20:45,17912,20:38,125462,65216,51009
2025-05-13,Hábil,SEMINUBLADO,14.4,18.1,22.3,6462,20:45,3363,20:45,2553,20:45,18175,20:53,128108,66810,52001
2025-05-14,Hábil,SEMINUBLADO,17.9,20.8,26.2,6283,20:30,3264,20:30,2502,20:45,18189,20:22,126007,65525,51510
2025-05-15,Hábil,VARIABLE,20.0,21.9,23.6,6349,20:00,3315,20:30,2528,20:45,18403,19:48,126718,66087,51738
2025-05-16,Hábil,TORMENTOSO,18.2,20.0,21.2,6276,20:30,3274,20:15,2531,13:30,17969,19:40,128511,67118,52156
2025-05-17,No,TORMENTOSO,18.1,18.9,20.1,5859,20:30,3043,20:45,2307,20:30,16786,20:25,118524,61936,47451
2025-05-18,Feriado,VARIABLE,8.8,14.7,19.1,6348,21:15,3274,21:00,2515,21:15,16884,21:13,113771,59138,45664
2025-05-19,Hábil,VARIABLE,8.1,11.8,15.0,7885,21:00,4130,21:00,3087,21:00,20069,20:50,146790,76429,59288
2025-05-20,Hábil,SEMINUBLADO,6.4,11.6,17.2,8142,20:45,4297,20:45,3164,20:45,20670,20:49,158212,83103,63492
2025-05-21,Hábil,SEMINUBLADO,8.9,12.5,16.1,8197,21:15,4253,21:15,3260,21:15,21021,21:16,157551,82011,63942
2025-05-22,Hábil,SEMINUBLADO,6.9,12.1,16.6,8178,21:15,4270,21:00,3228,21:00,21077,20:30,158853,82431,64725
2025-05-23,Hábil,SEMINUBLADO,11.6,14.2,16.7,7664,21:00,3974,21:00,3038,20:45,20070,20:58,156168,81160,63504
2025-05-24,No,VARIABLE,14.0,15.8,18.6,6550,20:30,3346,21:00,2629,21:15,18141,19:59,133123,68601,54313
2025-05-25,Feriado,SEMINUBLADO,13.2,15.5,18.7,6542,21:00,3319,21:00,2643,21:15,17437,20:53,122883,62715,50522
2025-05-26,Hábil,VARIABLE,16.4,18.1,19.2,7054,20:45,3644,20:45,2804,20:45,19362,20:45,137064,70640,56144
2025-05-27,Hábil,VARIABLE,10.8,14.3,18.4,8361,20:45,4374,21:00,3303,20:45,21567,20:48,153550,79733,62469
2025-05-28,Hábil,SEMINUBLADO,7.6,10.0,12.8,8951,20:45,4661,21:00,3550,21:15,22829,20:34,172568,89430,70472
2025-05-29,Hábil,BUENO,4.3,8.8,13.7,9247,20:45,4861,21:00,3625,21:00,23408,21:00,178334,93093,72268
2025-05-30,Hábil,SEMINUBLADO,7.0,10.7,15.3,8785,21:15,4593,21:15,3464,21:00,22642,20:26,178118,93109,72016
2025-05-31,No,BUENO,7.4,11.9,18.8,7794,21:00,4018,21:00,3078,21:30,20884,20:42,156372,81327,63156
2025-06-01,Feriado,BUENO,4.1,11.1,18.3,8160,21:15,4232,21:15,3206,21:15,21014,21:15,151628,78907,60745
2025-06-02,Hábil,SEMINUBLADO,8.9,13.1,18.4,8595,21:00,4495,21:00,3345,21:00,22372,20:58,166362,86959,67126
2025-06-03,Hábil,SEMINUBLADO,8.8,12.8,17.2,8513,21:00,4420,21:15,3328,21:00,21830,20:33,165757,86467,66808
2025-06-04,Hábil,SEMINUBLADO,11.0,14.4,18.7,7987,21:00,4157,21:00,3116,21:00,21212,20:56,160549,83681,64389
2025-06-05,Hábil,BUENO,7.4,11.8,17.1,8666,21:00,4505,21:15,3393,21:15,22019,21:08,164189,84953,66507
2025-06-06,Hábil,BUENO,6.4,12.1,20.5,8118,21:15,4225,21:15,3190,21:00,21320,21:20,165406,85861,66701
2025-06-07,No,SEMINUBLADO,7.4,12.2,20.0,7569,21:00,3874,21:15,3011,21:00,20141,20:28,153507,79088,61823
2025-06-08,Feriado,SEMINUBLADO,8.8,11.4,14.9,8257,21:00,4240,21:00,3297,21:15,20614,20:58,151295,76736,61798
2025-06-09,Hábil,SEMINUBLADO,7.1,9.7,14.2,9394,21:00,4897,21:00,3726,21:00,23342,20:58,175542,90507,71573
2025-06-10,Hábil,SOLEADO,6.1,10.4,17.0,9140,21:00,4760,21:00,3622,21:00,24225,20:29,178211,92196,72483
2025-06-11,Hábil,BUENO,9.2,12.8,16.0,8963,21:15,4666,21:00,3561,21:00,23194,20:54,175730,90960,71292
2025-06-12,Hábil,SEMINUBLADO,11.4,14.0,17.3,8685,20:45,4515,21:00,3445,21:00,22212,21:20,173274,89559,70507
2025-06-13,Hábil,VARIABLE,12.8,13.2,14.1,8529,20:45,4458,20:45,3375,20:45,22003,20:26,173601,90007,70375
2025-06-14,No,VARIABLE,9.2,11.4,13.1,8469,20:30,4375,21:00,3398,20:30,21500,20:57,167898,86655,68008
2025-06-15,Feriado,SEMINUBLADO,4.1,9.8,14.7,8147,21:00,4239,21:15,3232,21:15,20493,21:06,159043,82346,64129
2025-06-16,Feriado,SEMINUBLADO,8.7,11.7,14.0,8654,20:15,4433,20:30,3466,20:30,21782,20:11,169419,87190,68834
2025-06-17,Hábil,VARIABLE,6.9,11.2,13.6,9610,21:00,4981,21:15,3822,21:00,23720,20:58,180968,92447,74567
2025-06-18,Hábil,BUENO,5.5,9.8,17.3,9385,21:15,4905,21:15,3715,21:15,23929,21:02,186776,96201,76288
2025-06-19,Hábil,SOLEADO,5.4,10.7,18.2,8821,21:00,4598,21:15,3483,21:15,22872,21:09,179381,92606,72973
2025-06-20,Feriado,BUENO,5.8,11.7,18.4,8113,21:00,4216,21:15,3195,21:30,21295,20:51,161721,83467,65305
2025-06-21,No,SEMINUBLADO,8.7,12.3,16.7,7953,20:45,4110,21:00,3148,21:15,20955,20:19,160200,82568,64688
2025-06-22,Feriado,SEMINUBLADO,6.5,11.3,15.4,8924,21:15,4639,21:30,3551,21:30,22225,20:52,159253,82293,64291
2025-06-23,Hábil,VARIABLE,3.9,7.0,9.8,10730,20:45,5626,20:45,4242,20:30,26495,20:37,208130,107414,85292
2025-06-24,Hábil,SOLEADO,2.3,9.2,14.9,10265,21:00,5345,21:15,4049,21:00,25650,20:55,205760,106494,84124
2025-06-25,Hábil,SEMINUBLADO,7.6,10.7,15.4,9910,21:15,5140,21:15,3926,21:00,25091,21:15,195693,101630,79578
2025-06-26,Hábil,BUENO,2.4,8.7,15.8,9982,21:00,5183,21:00,3947,21:30,25107,20:56,196265,101436,80073
2025-06-27,Hábil,BUENO,3.1,9.0,16.9,9587,21:15,4982,21:15,3793,21:15,24247,21:12,193420,100200,78598
2025-06-28,No,SEMINUBLADO,4.0,9.3,15.0,8983,20:45,4599,21:00,3593,21:00,22844,20:25,179162,92415,72667
2025-06-29,Feriado,VARIABLE,3.4,6.4,9.5,9953,21:15,5163,21:15,3965,21:15,24765,21:07,183439,94325,74717
2025-06-30,Hábil,SEMINUBLADO,2.7,4.1,5.3,11117,20:00,5934,20:15,4411,19:30,27719,20:32,219761,114613,88985
2025-07-01,Hábil,BUENO,-0.5,4.0,10.3,11236,20:45,5951,21:00,4435,21:00,28119,20:36,224418,117048,91015
2025-07-02,Hábil,BUENO,-1.4,5.0,10.6,11183,20:45,5920,21:00,4388,20:45,27976,20:58,220932,116372,89480
2025-07-03,Hábil,SEMINUBLADO,4.3,9.7,14.3,10392,21:00,5469,21:00,4122,21:00,26290,20:57,211865,111229,85822
2025-07-04,Hábil,SEMINUBLADO,8.4,11.4,16.0,9323,21:00,4892,21:00,3694,21:30,23961,21:19,193152,100969,78269
2025-07-05,No,SEMINUBLADO,10.0,11.7,14.7,8498,21:00,4399,21:15,3441,21:30,21856,21:07,168548,87142,69222
2025-07-06,Feriado,SEMINUBLADO,9.6,12.5,16.4,8279,21:15,4257,21:15,3344,21:15,20552,21:06,157676,81282,64966
2025-07-07,Hábil,VARIABLE,10.9,14.4,20.5,8242,21:15,4231,21:15,3286,11:45,21253,20:52,164784,84781,67791
2025-07-08,Hábil,NIEBLA,8.0,12.3,17.5,8359,21:00,4227,21:15,3380,21:15,21123,20:35,166965,85217,68426
2025-07-09,Feriado,SEMINUBLADO,9.3,13.8,18.4,7684,21:00,3879,21:00,3102,21:15,19477,20:38,148675,75322,60868
2025-07-10,Hábil,VARIABLE,11.6,13.1,15.4,8522,20:45,4351,21:00,3393,21:15,21940,20:33,162646,82710,66792
2025-07-11,Hábil,SEMINUBLADO,9.1,13.5,19.4,7845,21:15,4009,21:00,3133,21:15,21035,21:06,159566,81308,65385
2025-07-12,No,SEMINUBLADO,9.1,13.4,17.7,7231,21:00,3652,21:15,2927,20:45,19496,20:41,144341,73200,59142
2025-07-13,Feriado,SEMINUBLADO,11.5,14.1,18.5,7456,21:00,3710,21:15,3015,21:15,19045,21:16,136326,68407,56193
2025-07-14,Hábil,SEMINUBLADO,11.2,13.0,15.2,8518,20:45,4312,21:00,3429,21:00,21177,20:55,162019,81956,66785
2025-07-15,Hábil,VARIABLE,13.7,16.8,20.1,7387,21:00,3688,21:00,2997,21:00,19622,20:53,151525,76338,62733
2025-07-16,Hábil,LLUVIOSO,9.8,13.5,17.6,9088,20:45,4690,21:00,3619,21:00,22848,20:50,163289,83104,67141
2025-07-17,Hábil,VARIABLE,6.4,8.6,11.3,9610,21:00,5015,21:15,3786,20:45,23730,21:06,188479,97205,76872
2025-07-18,Hábil,BUENO,5.2,10.9,17.4,8735,21:15,4522,21:00,3445,21:00,22317,20:39,180898,93751,73282
2025-07-19,No,BUENO,8.1,12.9,19.9,7607,21:00,3959,00:15,3058,00:15,19990,20:49,158069,81448,63994
2025-07-20,Feriado,SEMINUBLADO,9.0,14.6,19.9,6901,21:00,3504,21:15,2750,21:30,18341,21:18,138372,70827,56068
2025-07-21,Hábil,SEMINUBLADO,10.7,15.4,21.0,7443,20:45,3783,21:00,2985,21:15,20167,21:15,146997,74984,60281
2025-07-22,Hábil,SEMINUBLADO,8.6,11.6,14.2,8739,20:45,4468,21:00,3516,21:00,22422,20:44,163765,82768,67638
2025-07-23,Hábil,SEMINUBLADO,6.0,9.3,12.0,9339,21:00,4791,21:00,3747,21:00,23915,20:40,181590,92217,75060
2025-07-24,Hábil,SEMINUBLADO,9.5,11.8,13.8,8639,21:00,4410,21:15,3480,21:00,22714,21:08,176047,89806,72573
2025-07-25,Hábil,VARIABLE,12.0,12.8,13.8,8279,20:45,4252,21:00,3337,13:15,21848,20:48,171757,87833,70451
2025-07-26,No,NUBLADO,7.6,9.9,13.4,8487,20:45,4334,21:00,3403,21:00,21806,20:53,165023,84298,67435
2025-07-27,Feriado,NUBLADO,8.7,10.5,12.8,8630,21:00,4416,21:15,3482,21:15,22250,20:49,164674,84810,66878
2025-07-28,Hábil,SEMINUBLADO,8.0,11.4,16.5,8791,21:00,4518,21:15,3517,21:15,23463,20:58,172957,88405,71420
2025-07-29,Hábil,SEMINUBLADO,7.0,11.5,14.8,8608,21:00,4420,21:00,3430,21:00,22975,20:51,173212,88426,71260
2025-07-30,Hábil,SEMINUBLADO,10.8,14.4,18.4,7963,21:00,4085,21:00,3164,21:15,21611,20:51,163220,83628,66769
2025-07-31,Hábil,VARIABLE,12.6,15.9,18.8,7397,21:00,3796,21:00,2945,21:00,20210,20:41,155663,79955,63538
2025-08-01,Hábil,LLUVIOSO,15.1,16.3,18.4,7349,21:00,3719,21:00,2953,20:45,19752,20:45,148766,75503,61319
2025-08-02,No,VARIABLE,12.5,15.6,20.1,6382,20:45,3236,21:15,2583,21:15,18277,20:40,130284,66127,53582
2025-08-03,Feriado,SEMINUBLADO,9.7,13.5,18.4,7234,21:15,3649,21:30,2905,21:30,18974,21:24,128261,64766,52682
2025-08-04,Hábil,BUENO,9.2,12.4,17.2,8443,21:00,4289,21:00,3387,21:15,21888,21:10,155985,79333,64333
2025-08-05,Hábil,SEMINUBLADO,7.2,9.8,12.4,9074,20:45,4619,21:00,3678,21:00,22580,20:53,172451,87173,71852
2025-08-06,Hábil,SEMINUBLADO,8.9,12.6,17.7,8348,21:00,4233,21:00,3359,21:00,21506,20:57,168095,85312,69490
2025-08-07,Hábil,SEMINUBLADO,7.7,10.2,12.2,9319,21:00,4806,21:00,3717,20:45,23083,21:00,177133,90447,73047
2025-08-08,Hábil,SEMINUBLADO,6.0,9.6,15.0,8669,21:30,4489,21:15,3438,21:30,22509,20:49,175405,90082,71806
2025-08-09,No,BUENO,4.0,9.7,17.3,7961,21:00,4031,21:15,3216,21:15,20494,20:52,160118,81597,65503
2025-08-10,Feriado,SEMINUBLADO,5.3,11.8,19.0,7691,21:15,3899,21:30,3075,21:30,19637,21:13,146137,74234,59688
2025-08-11,Hábil,SEMINUBLADO,8.9,14.4,20.8,7854,21:00,4038,21:15,3124,21:15,20604,21:20,157448,80603,64279
2025-08-12,Hábil,SEMINUBLADO,11.2,15.7,22.7,7344,21:00,3785,21:15,2892,10:15,19759,21:14,150163,77210,60997
2025-08-13,Hábil,SEMINUBLADO,10.1,12.2,14.5,8573,21:15,4416,21:00,3409,21:00,21632,20:58,158723,81273,64822
2025-08-14,Hábil,BUENO,5.7,9.3,13.2,8996,21:15,4615,21:15,3592,21:15,22455,20:43,171406,87457,70506
2025-08-15,No,BUENO,6.0,9.0,10.8,9032,20:45,4659,21:00,3590,21:00,22342,20:41,178702,91547,73087
2025-08-16,No,VARIABLE,8.0,11.2,12.7,8191,20:45,4170,20:45,3288,21:00,20267,20:27,168638,86269,68931
2025-08-17,Feriado,SEMINUBLADO,12.1,13.1,14.7,7608,21:00,3893,21:00,3053,21:30,19049,21:28,147598,75255,60354
2025-08-18,Hábil,VARIABLE,13.0,14.7,17.0,8073,21:00,4170,21:00,3220,21:00,20915,21:02,159665,81787,65608
2025-08-19,Hábil,LLUVIOSO,14.7,15.1,15.9,8530,20:45,4398,20:45,3403,20:30,21822,20:46,166717,85461,68538
2025-08-20,Hábil,VARIABLE,12.8,15.1,17.9,8100,21:00,4136,21:00,3261,21:00,20814,20:46,161533,82108,66563
2025-08-21,Hábil,SEMINUBLADO,9.2,15.5,20.1,7282,20:45,3718,21:15,2909,21:00,19692,21:08,150791,77044,61806
2025-08-22,Hábil,VARIABLE,11.6,15.6,20.9,7610,20:45,3893,21:15,3054,21:00,20478,20:54,146408,74666,59897
2025-08-23,No,BUENO,8.4,12.0,16.9,7507,21:00,3827,21:15,3002,21:15,19863,21:20,144311,73538,58909
2025-08-24,Feriado,BUENO,6.5,12.9,19.0,7369,21:15,3787,21:15,2938,21:30,19562,21:05,141045,72275,57243
2025-08-25,Hábil,SOLEADO,10.4,15.1,21.7,7322,21:00,3752,21:15,2881,21:15,20062,21:02,147248,75762,60061
2025-08-26,Hábil,SOLEADO,8.4,14.8,20.8,7043,21:00,3606,21:00,2787,21:00,19506,20:56,141230,72610,57320
2025-08-27,Hábil,SOLEADO,10.2,16.3,22.2,6796,20:45,3469,21:00,2691,21:00,18743,20:45,136024,69857,55305
2025-08-28,Hábil,BUENO,12.5,16.7,21.1,6635,21:00,3374,21:00,2661,21:00,18573,20:57,131612,66866,54162
2025-08-29,Hábil,SEMINUBLADO,15.3,18.1,22.2,6211,20:45,3178,20:45,2486,20:45,17978,20:48,127973,65267,52429
2025-08-30,No,VARIABLE,16.2,18.8,22.5,5766,20:45,2906,20:45,2307,21:00,17164,20:48,114339,57937,46730
2025-08-31,Feriado,VARIABLE,15.9,17.3,18.5,6144,20:45,3108,20:45,2462,21:00,17822,20:52,114249,57608,46707
2025-09-01,Hábil,VARIABLE,10.3,13.3,18.4,7988,21:00,4109,21:00,3166,21:00,20821,20:41,144236,74077,58743
2025-09-02,Hábil,VARIABLE,9.0,12.1,14.3,8470,21:00,4401,21:00,3359,21:00,21339,21:10,163438,84623,66129
2025-09-03,Hábil,VARIABLE,10.3,13.7,19.0,7786,21:00,4005,21:30,3115,21:30,20847,21:02,155106,79675,63341
2025-09-04,Hábil,SEMINUBLADO,6.0,9.1,12.7,8934,20:45,4624,20:45,3563,21:00,22292,20:25,168711,86524,69141
2025-09-05,Hábil,BUENO,3.6,9.3,15.6,8460,21:00,4371,21:15,3381,21:15,22194,20:48,170454,87618,69738
2025-09-06,No,SOLEADO,3.9,10.1,14.4,7624,21:15,3888,21:15,3057,21:15,20019,21:03,153026,78163,62353
2025-09-07,Feriado,SEMINUBLADO,8.2,12.7,15.4,7365,21:00,3720,21:15,2973,21:30,19134,20:53,139057,71527,55882
2025-09-08,Hábil,VARIABLE,12.1,15.1,19.9,7419,21:00,3818,21:00,2951,21:00,20252,20:55,148033,75673,60613
2025-09-09,Hábil,BUENO,9.7,16.6,23.7,6840,21:15,3517,21:15,2694,21:15,19098,21:05,140161,72056,56947
2025-09-10,Hábil,VARIABLE,14.6,18.5,24.2,6456,21:00,3334,21:00,2541,21:00,18720,20:22,131564,67992,53160
2025-09-11,Hábil,BUENO,10.8,17.3,24.8,6432,20:45,3325,21:00,2535,21:00,18527,20:19,128801,66545,51975
2025-09-12,Hábil,BUENO,10.5,16.5,21.4,6298,20:45,3243,21:00,2487,20:30,18402,20:36,126585,65289,50976
2025-09-13,No,VARIABLE,13.6,16.5,20.4,5821,20:30,2948,20:45,2316,20:45,17486,20:19,116023,59203,46780
2025-09-14,Feriado,SEMINUBLADO,13.3,18.7,24.4,5589,20:45,2850,21:00,2220,21:00,16539,21:02,105214,53542,42561
2025-09-15,Hábil,VARIABLE,13.8,16.9,20.2,6489,20:45,3318,21:00,2551,21:00,18679,21:02,122847,62934,49956
2025-09-16,Hábil,SEMINUBLADO,12.8,16.5,20.6,6408,20:45,3276,21:00,2531,21:00,18862,20:45,125876,64609,51274
2025-09-17,Hábil,SEMINUBLADO,15.2,19.0,23.7,6349,20:45,3278,20:45,2513,21:00,19164,20:47,124736,64271,50752
2025-09-18,Hábil,VARIABLE,18.0,20.0,23.4,6277,20:30,3241,20:45,2492,20:45,18982,20:50,123937,63864,50513
2025-09-19,Hábil,VARIABLE,17.6,18.2,19.8,6357,20:45,3239,21:00,2497,20:45,18738,20:24,126360,64896,51367
2025-09-20,No,TORMENTOSO,13.4,16.9,19.6,5945,19:45,2977,21:00,2365,20:15,17872,20:01,117453,60150,47229
2025-09-21,Feriado,SEMINUBLADO,12.2,14.1,15.9,6433,21:00,3279,21:15,2543,21:15,17225,21:19,116807,59522,46988
2025-09-22,Hábil,SEMINUBLADO,10.6,15.6,20.9,6705,21:00,3445,21:00,2644,21:00,18654,20:42,131611,67684,53410
2025-09-23,Hábil,SEMINUBLADO,7.9,15.1,20.2,6722,21:00,3461,21:00,2658,21:15,18797,20:55,131414,67440,53381
2025-09-24,Hábil,BUENO,8.6,13.3,17.0,7214,21:15,3681,21:15,2877,21:00,19361,20:41,135540,69193,55330
2025-09-25,Hábil,BUENO,10.0,14.1,17.7,6979,20:45,3556,21:00,2791,21:00,19035,20:44,137794,70081,56477
2025-09-26,Hábil,SEMINUBLADO,12.0,17.4,22.9,6183,20:45,3161,20:45,2496,10:45,18021,20:24,129971,66184,53198
2025-09-27,No,VARIABLE,13.8,15.8,18.0,6311,20:30,3190,20:45,2546,20:45,17384,20:32,121592,61433,49868
2025-09-28,Feriado,BUENO,10.7,16.9,23.9,5684,21:00,2898,21:00,2261,21:15,16327,20:47,111697,56901,45579
2025-09-29,Hábil,SEMINUBLADO,11.4,18.3,23.4,6252,20:45,3222,21:00,2462,21:00,18325,20:53,121185,62420,49178
2025-10-01,Hábil,SEMINUBLADO,12.7,18.5,23.5,6212,20:45,3221,20:45,2446,21:00,17866,20:30,121547,62844,49139
2025-10-02,Hábil,SEMINUBLADO,16.2,19.8,23.6,6253,20:45,3245,21:00,2473,21:00,18502,20:37,122233,63431,49306
2025-10-03,Hábil,SEMINUBLADO,18.1,21.0,25.6,6235,20:45,3242,20:45,2442,20:45,18801,20:22,123882,64515,49875
2025-10-04,No,SEMINUBLADO,20.3,24.2,28.1,6184,20:45,3207,20:45,2454,20:30,18442,20:16,119586,62390,47889
2025-10-05,Feriado,LLUVIOSO,12.4,19.0,25.1,5574,21:00,2818,21:15,2216,21:15,17041,20:58,107298,55029,43474
2025-10-06,Hábil,VARIABLE,9.8,13.4,18.2,6592,21:00,3425,21:00,2590,21:00,18318,20:56,123997,63789,50212
2025-10-07,Hábil,BUENO,9.1,17.0,24.2,6301,21:00,3271,21:00,2476,21:00,18115,20:38,126548,65659,50958
2025-10-08,Hábil,BUENO,13.8,20.4,26.3,6228,21:00,3231,21:00,2458,21:00,18211,20:50,123010,63906,49534
2025-10-09,Hábil,BUENO,17.0,21.9,26.6,6047,20:30,3150,20:45,2385,20:45,18001,20:28,121953,63451,49022
2025-10-10,Feriado,SEMINUBLADO,17.8,22.9,27.4,5713,20:45,2940,20:45,2263,21:00,17316,20:19,111125,57439,44675
2025-10-11,No,SEMINUBLADO,19.6,22.6,26.8,5763,20:15,2955,20:00,2320,20:30,17782,20:30,111425,57558,45111
2025-10-12,Feriado,VARIABLE,14.7,16.4,18.6,5543,20:45,2851,21:00,2188,21:00,16242,20:46,102858,52910,41486
2025-10-13,Hábil,SEMINUBLADO,13.5,19.2,26.3,6194,20:45,3231,21:00,2437,21:00,18409,20:41,119886,62153,48340
2025-10-14,Hábil,BUENO,14.3,20.0,25.0,6364,20:30,3347,21:00,2491,21:00,18810,20:30,123232,64283,49530
2025-10-15,Hábil,SEMINUBLADO,18.7,22.2,27.1,6483,20:45,3379,21:00,2554,21:00,19501,20:25,126102,66041,50882
2025-10-16,Hábil,SEMINUBLADO,17.6,22.9,27.8,6646,20:45,3478,20:45,2617,20:45,19568,20:43,130815,68480,52917
2025-10-17,Hábil,VARIABLE,16.4,20.1,22.4,5987,20:45,3103,20:45,2380,12:30,17883,20:26,124032,64622,50084
2025-10-18,No,BUENO,12.8,17.0,22.2,5520,20:45,2815,20:45,2183,21:00,16517,20:32,109668,56499,44029
2025-10-19,Feriado,SEMINUBLADO,13.1,17.6,21.4,5237,21:00,2674,21:15,2085,21:15,15755,21:09,99624,50816,40222
2025-10-20,Hábil,SEMINUBLADO,15.1,20.1,24.2,6257,20:45,3262,20:45,2465,21:00,18727,20:43,117048,61395,47856
2025-10-21,Hábil,SEMINUBLADO,17.7,23.0,28.4,6619,20:45,3457,21:00,2622,21:00,19477,20:47,126715,65970,51309
2025-10-22,Hábil,VARIABLE,19.3,22.5,26.0,6459,20:45,3361,20:45,2559,20:45,19597,20:31,127928,66583,51902
2025-10-23,Hábil,SEMINUBLADO,20.6,26.0,31.6,7246,20:45,3783,20:45,2871,20:45,20808,20:17,138570,72328,56167
2025-10-24,Hábil,TORMENTOSO,19.9,20.8,21.8,6208,20:30,3208,20:45,2506,13:15,19180,20:28,130690,67862,53177
2025-10-25,No,VARIABLE,10.8,15.7,20.1,5667,21:00,2875,21:00,2254,21:00,16718,20:52,112909,57935,45480
2025-10-26,Feriado,SEMINUBLADO,9.2,17.5,23.9,5475,21:00,2817,21:00,2171,21:00,15882,21:28,104540,53063,42295
2025-10-27,Hábil,VARIABLE,10.7,12.6,15.8,7110,21:00,3633,21:00,2813,21:00,19286,20:56,127853,65221,51964
2025-10-28,Hábil,SEMINUBLADO,8.3,12.4,17.0,7109,21:00,3645,21:00,2810,21:00,19400,20:43,136109,69592,55273
2025-10-29,Hábil,VARIABLE,9.7,14.4,18.5,6898,20:45,3514,21:15,2752,21:15,19032,21:07,135365,68818,55061
2025-10-30,Hábil,VARIABLE,14.5,17.2,20.3,6424,21:15,3309,21:00,2521,21:00,18214,21:17,127664,65383,51712
2025-10-31,Hábil,SEMINUBLADO,15.4,19.3,24.0,5982,21:00,3094,21:00,2349,21:00,17622,20:43,122398,63109,49325
2025-11-01,No,SEMINUBLADO,15.3,22.1,28.9,5765,20:45,2970,20:45,2283,21:00,16943,20:35,113129,58189,45368
2025-11-02,Feriado,VARIABLE,17.6,20.9,24.5,5569,21:15,2874,21:15,2190,21:15,16628,21:22,105805,54714,42146
2025-11-03,Hábil,SEMINUBLADO,17.9,22.9,28.4,6530,20:45,3440,20:45,2595,13:30,19472,20:46,127683,67291,51000
2025-11-04,Hábil,VARIABLE,17.0,19.5,21.6,6298,20:45,3270,21:00,2492,21:00,19456,20:54,125221,65216,50451
2025-11-05,Hábil,BUENO,13.7,17.2,22.2,6257,20:45,3240,21:00,2471,21:00,18645,20:54,122159,63297,49313
2025-11-06,Hábil,SEMINUBLADO,11.4,15.7,19.0,6335,21:00,3260,21:00,2510,21:00,18305,20:43,122138,63094,49454
2025-11-07,Hábil,VARIABLE,12.9,15.2,17.0,6427,20:45,3285,21:00,2558,21:00,18224,20:54,125612,64479,51039
2025-11-08,No,SEMINUBLADO,13.2,17.1,22.2,5543,21:00,2834,21:00,2213,21:00,16405,20:48,113683,58176,46050
2025-11-09,Feriado,SEMINUBLADO,12.8,19.5,24.8,5511,21:15,2847,21:00,2188,21:15,16372,21:07,103992,53209,41992
2025-11-10,Hábil,BUENO,14.4,21.7,26.6,6464,21:00,3382,21:00,2542,21:00,18872,21:00,123013,64097,49763
2025-11-11,Hábil,VARIABLE,16.9,22.4,29.0,6390,20:45,3317,20:45,2550,13:45,19674,20:57,128505,67171,52033
2025-11-12,Hábil,SEMINUBLADO,14.6,20.9,27.0,6410,21:00,3335,21:00,2537,21:00,18713,20:53,125264,65343,50842
2025-11-13,Hábil,BUENO,14.1,21.9,27.8,6720,20:45,3509,21:00,2663,21:00,19272,20:42,130943,68364,53132
2025-11-14,Hábil,BUENO,17.0,24.4,30.5,7004,20:45,3646,21:00,2841,14:30,20094,20:21,140110,72977,57235
2025-11-15,No,VARIABLE,19.9,27.4,32.7,7204,20:45,3726,21:00,2878,21:00,20242,20:54,140469,73300,56923
2025-11-16,Feriado,VARIABLE,14.5,20.0,23.6,6132,00:15,3183,00:15,2490,00:15,16279,21:21,113003,58364,45767
2025-11-17,Hábil,BUENO,9.6,18.4,24.4,6244,21:00,3250,21:00,2456,21:00,18363,21:06,119841,61951,48564
2025-11-18,Hábil,BUENO,17.3,22.8,29.6,6514,21:00,3405,21:00,2597,13:30,19422,20:46,128681,66932,52076
2025-11-19,Hábil,SEMINUBLADO,16.5,20.4,24.3,6410,20:45,3327,21:00,2533,20:45,20022,21:00,126952,66136,51417
2025-11-20,Hábil,VARIABLE,16.0,19.4,25.7,6086,12:45,3131,21:00,2501,13:30,20355,14:13,125465,64825,51096
2025-11-21,Hábil,SEMINUBLADO,13.3,16.5,18.4,5961,21:00,3065,21:15,2350,21:00,18368,21:03,119294,61596,48124
2025-11-22,No,SEMINUBLADO,10.8,16.7,21.1,5472,21:00,2769,21:00,2161,21:00,17188,20:58,109554,55655,44536
2025-11-23,Feriado,BUENO,15.2,19.4,23.7,5244,21:00,2668,21:15,2080,21:15,16486,21:16,100060,50602,40821
2025-11-24,Feriado,BUENO,17.2,21.1,25.5,5795,21:00,2979,21:00,2281,21:00,17992,21:29,106446,54762,42930
2025-11-25,Hábil,BUENO,16.8,23.7,29.4,7007,21:00,3672,21:15,2752,21:00,21328,15:46,132738,68997,53875
2025-11-26,Hábil,SEMINUBLADO,20.2,25.6,30.8,7751,15:45,4057,21:15,3129,15:45,23462,15:17,151044,79436,61036
2025-11-27,Hábil,VARIABLE,21.9,26.2,30.8,8239,21:00,4314,21:15,3258,21:00,23537,15:28,159963,84050,64996
2025-11-28,Hábil,SEMINUBLADO,17.3,23.3,27.8,7786,14:15,4051,14:30,3138,13:45,22792,14:41,151609,79740,61513
2025-11-29,No,VARIABLE,15.3,17.7,19.2,5522,21:00,2737,21:15,2228,21:00,18105,13:48,113741,58248,46269
2025-11-30,Feriado,VARIABLE,16.3,18.8,20.7,5608,21:15,2844,21:15,2234,21:15,17136,21:19,105086,53485,42704
2025-12-01,Hábil,VARIABLE,18.0,20.7,25.7,6406,21:15,3294,21:00,2519,21:00,18898,21:31,122781,63229,49983
2025-12-02,Hábil,SEMINUBLADO,15.9,22.1,26.6,6847,21:15,3579,21:15,2669,21:00,20002,21:25,131978,68831,53384
2025-12-03,Hábil,BUENO,19.8,26.9,33.3,7974,21:00,4161,21:30,3135,15:45,22638,15:14,151309,79806,61005
2025-12-04,Hábil,BUENO,22.2,29.1,34.1,8976,15:45,4632,15:45,3593,15:45,24952,15:14,172149,90680,69695
2025-12-05,Hábil,SEMINUBLADO,25.0,28.9,33.0,9281,15:30,4809,15:30,3740,15:45,25545,14:51,183378,96406,74846
2025-12-06,No,SEMINUBLADO,21.4,27.8,32.2,8240,14:45,4273,14:45,3259,14:45,22401,15:01,167121,87676,67938
2025-12-07,Feriado,SEMINUBLADO,18.1,22.3,26.4,5970,00:15,3119,00:15,2393,00:15,17474,21:32,123464,63956,50111
2025-12-08,Feriado,VARIABLE,18.7,22.3,25.2,6142,21:15,3130,21:15,2435,21:15,17506,21:20,119619,61628,48744
2025-12-10,Hábil,VARIABLE,19.2,24.1,28.3,7803,21:15,4090,21:30,3165,16:30,22833,15:39,150046,78328,61355
2025-12-11,Hábil,VARIABLE,18.8,25.3,31.6,8342,15:45,4232,14:30,3431,15:45,23128,14:10,159072,82575,65435
2025-12-12,Hábil,BUENO,20.0,27.3,34.2,8917,15:45,4558,15:45,3638,15:45,23910,16:37,168535,87337,69368
2025-12-13,No,VARIABLE,22.4,27.2,32.8,8564,15:30,4440,16:15,3424,16:00,22839,15:23,161966,84583,65920
2025-12-14,Feriado,VARIABLE,20.3,22.6,26.0,6332,21:00,3253,21:00,2513,21:00,18368,21:40,124197,64694,50207
2025-12-15,Hábil,SEMINUBLADO,18.6,22.0,27.8,6593,21:00,3371,21:15,2680,15:45,18538,21:24,132342,68114,54535
2025-12-16,Hábil,BUENO,14.8,20.9,26.6,6479,21:15,3335,21:15,2592,13:45,19112,20:55,130757,67576,53606
2025-12-17,Hábil,SEMINUBLADO,18.2,24.5,30.3,7517,21:00,3866,21:30,3012,21:30,21220,16:43,142783,73921,58853
2025-12-18,Hábil,SEMINUBLADO,22.4,27.9,33.2,8962,16:30,4611,16:30,3682,16:30,24009,16:21,170266,88427,70529
2025-12-19,Hábil,BUENO,21.0,25.9,31.3,8841,15:45,4595,16:00,3600,15:45,25336,15:37,173231,91149,70839
2025-12-20,No,VARIABLE,21.9,25.1,26.8,7318,00:15,3894,00:15,2927,00:15,20275,21:11,147418,76382,60732
2025-12-21,Feriado,SEMINUBLADO,20.2,25.4,30.7,7582,21:30,3959,21:45,3025,21:45,19849,21:26,144670,74824,59475
2025-12-22,Hábil,SEMINUBLADO,22.3,25.7,29.0,8813,15:30,4521,15:45,3591,14:45,21637,14:45,170974,89380,70012
2025-12-23,Hábil,VARIABLE,21.4,25.7,32.4,9587,15:15,4963,15:30,3884,15:15,24845,15:29,176121,91449,72401
2025-12-24,Hábil,VARIABLE,21.9,28.8,35.2,9049,15:45,4698,16:00,3587,15:45,24244,15:02,173409,89747,71271
2025-12-25,Feriado,VARIABLE,21.6,25.2,29.1,6795,22:00,3525,22:00,2703,22:00,18456,22:02,134646,70259,54597
2025-12-26,Hábil,BUENO,19.6,27.4,33.0,9122,16:00,4695,16:00,3735,16:00,24639,15:58,171717,88765,71293
2025-12-27,No,VARIABLE,24.4,29.2,36.0,9048,14:45,4719,15:45,3618,15:00,24098,15:32,177247,92769,72416
2025-12-28,Feriado,SEMINUBLADO,24.7,28.5,33.0,8230,22:15,4270,22:15,3285,22:45,21794,21:58,161373,84952,65366
2025-12-29,Hábil,BUENO,21.8,29.0,33.7,10029,15:00,5118,15:45,4130,15:00,25970,15:22,193432,100496,80249
2025-12-30,Hábil,SEMINUBLADO,26.1,31.6,36.9,10427,14:45,5387,15:45,4255,15:15,27891,15:32,204057,106492,84190
2025-12-31,Hábil,SEMINUBLADO,27.4,33.1,38.9,9700,15:15,5115,15:45,3830,15:30,26586,14:20,194516,104203,76767
2026-01-01,Feriado,SEMINUBLADO,20.7,25.4,29.5,6738,22:15,3512,22:15,2668,22:15,20463,22:43,141922,75166,56684
2026-01-02,Hábil,SEMINUBLADO,19.0,23.6,26.5,6834,16:30,3506,16:45,2784,16:00,22648,15:19,142635,74249,58445
2026-01-03,No,BUENO,13.4,19.3,23.0,5734,00:15,3005,00:15,2297,00:15,17460,21:20,111188,57204,45289
2026-01-04,Feriado,BUENO,12.2,19.7,25.3,5473,21:30,2807,21:30,2189,21:30,17079,21:36,102176,52513,41423
2026-01-05,Hábil,SOLEADO,17.6,23.0,28.2,6630,21:15,3467,21:30,2647,16:45,20431,16:32,129290,66808,53082
2026-01-06,Hábil,SEMINUBLADO,21.8,26.3,31.1,7650,21:30,3991,21:30,3073,16:00,22583,16:50,149654,77685,61509
2026-01-07,Hábil,VARIABLE,17.4,23.6,28.9,7273,14:15,3686,14:15,3046,14:15,21973,14:24,146183,75633,60398
2026-01-08,Hábil,SEMINUBLADO,15.4,19.9,24.2,5950,21:00,3072,21:00,2395,14:45,18296,21:05,121489,62665,49859
2026-01-09,Hábil,VARIABLE,19.9,21.9,24.4,6012,21:00,3112,21:00,2445,13:15,18098,21:13,124089,64024,50922
2026-01-10,No,VARIABLE,18.2,20.2,23.6,5374,21:15,2761,21:00,2153,21:15,17183,21:15,110236,56979,44806
2026-01-11,Feriado,SEMINUBLADO,15.8,24.3,33.0,6431,21:30,3461,21:45,2470,22:00,19184,21:40,115695,61121,45984
2026-01-12,Hábil,BUENO,22.8,29.2,35.1,9181,15:45,4828,15:45,3703,15:45,25433,15:32,169461,90254,68300
2026-01-13,Hábil,VARIABLE,25.0,28.0,32.9,9132,15:45,4750,16:00,3713,15:15,25269,14:53,184022,97214,74942
2026-01-14,Hábil,SEMINUBLADO,23.0,28.4,34.4,9872,14:45,5170,15:15,3982,15:45,26716,15:02,191660,101581,77637
2026-01-15,Hábil,VARIABLE,22.0,27.7,33.5,10147,14:30,5281,14:45,4140,14:45,25780,14:30,185823,96849,76745
2026-01-16,Hábil,BUENO,19.2,24.7,29.0,7651,15:45,3984,15:45,3092,15:15,22197,16:37,154701,81469,62692
2026-01-17,No,SEMINUBLADO,23.2,28.3,32.6,8185,21:15,4291,21:45,3246,21:15,22916,15:27,157980,83576,63512
2026-01-18,Feriado,SEMINUBLADO,19.3,23.2,28.1,6907,00:15,3741,00:15,2715,00:15,17983,21:29,126611,66585,50728
2026-01-19,Hábil,BUENO,15.6,20.1,24.1,6231,21:15,3245,21:15,2479,13:45,19281,21:20,125314,65459,50741
2026-01-20,Hábil,BUENO,19.8,23.5,28.0,6706,21:00,3481,21:15,2692,15:30,20331,21:38,134193,70261,54306
2026-01-21,Hábil,BUENO,21.0,24.9,29.8,7361,15:30,3776,15:30,2997,15:45,21922,16:25,146374,76427,59708
2026-01-22,Hábil,BUENO,21.7,25.3,29.4,7725,15:15,3974,15:30,3147,15:00,23373,15:36,154966,80983,63309
2026-01-23,Hábil,SEMINUBLADO,22.7,26.7,32.5,8877,15:45,4610,15:30,3567,15:30,25694,15:31,169156,89035,68798
2026-01-24,No,SEMINUBLADO,23.6,27.4,32.0,7673,21:00,3996,21:30,3066,17:15,22766,15:46,159797,84166,64620
2026-01-25,Feriado,SEMINUBLADO,24.8,28.0,32.3,7945,22:15,4191,22:15,3124,22:00,22521,15:31,158706,84358,63508
2026-01-26,Hábil,SEMINUBLADO,24.4,29.4,34.1,10100,14:45,5247,15:30,4119,14:30,25864,14:25,191787,100756,78447
2026-01-27,Hábil,SEMINUBLADO,22.3,26.6,33.3,9528,15:30,4981,15:30,3853,15:15,25431,14:45,186324,98524,75671
2026-01-28,Hábil,SEMINUBLADO,21.1,25.5,31.7,8596,15:30,4481,15:45,3465,15:45,25337,15:19,172426,91207,69853
2026-01-29,Hábil,SEMINUBLADO,20.7,25.5,30.1,8950,15:15,4657,15:45,3607,15:00,26278,14:26,171731,90623,69835
2026-01-30,Hábil,VARIABLE,23.3,26.0,29.6,8737,14:45,4547,14:45,3513,14:45,26454,14:47,169957,89806,69009
2026-01-31,No,SEMINUBLADO,22.8,25.2,28.6,7102,16:00,3683,16:30,2814,16:00,22310,15:23,148160,77819,59887
2026-02-01,Feriado,SEMINUBLADO,20.3,25.8,30.0,7525,21:30,3933,21:45,2954,21:45,20876,21:32,143875,75717,57985
2026-02-02,Hábil,SEMINUBLADO,23.6,28.6,33.5,9533,15:45,4976,21:30,3855,15:45,26111,15:22,182779,95836,74865
2026-02-03,Hábil,VARIABLE,24.2,28.9,37.0,10361,14:15,5379,14:30,4178,14:30,28000,14:32,194049,101711,79484
2026-02-04,Hábil,VARIABLE,22.3,24.3,26.6,7668,00:15,4069,00:15,3055,00:15,22596,14:33,154748,79753,63885
2026-02-05,Hábil,VARIABLE,22.8,25.3,28.6,7514,21:15,3849,21:15,3035,17:00,22714,14:37,153715,78600,64152
2026-02-06,Hábil,BUENO,18.7,24.2,30.2,6973,15:45,3520,15:45,2829,15:30,20491,15:25,142129,73658,58142
2026-02-07,No,SOLEADO,16.7,25.4,32.7,7083,21:00,3604,21:15,2825,21:15,20277,20:52,136271,70359,55619
2026-02-08,Feriado,BUENO,22.7,26.7,31.7,7203,21:30,3759,21:30,2814,21:45,20882,21:53,141174,73947,57030
2026-02-09,Hábil,VARIABLE,23.4,27.7,33.9,8648,15:15,4429,15:30,3522,15:45,23427,16:23,167949,87359,68945
2026-02-10,Hábil,BUENO,21.4,28.1,33.7,9601,15:30,4921,15:45,3909,15:45,24903,16:13,184049,95811,75675
2026-02-11,Hábil,VARIABLE,24.2,27.1,31.2,8346,15:00,4247,15:00,3417,15:30,22490,15:10,174397,90597,71898
2026-02-12,Hábil,SEMINUBLADO,21.2,24.0,27.2,7821,21:15,4044,21:15,3159,16:45,21419,15:31,158031,81679,65215
2026-02-13,Hábil,NUBLADO,17.7,22.6,27.0,6961,15:00,3541,15:45,2845,14:45,19531,21:11,143355,74349,58700
2026-02-14,No,NUBLADO,19.2,23.3,27.8,6173,21:00,3171,21:00,2446,21:00,19333,20:52,125507,65272,50706
2026-02-15,Feriado,TORMENTOSO,20.0,24.0,27.5,6146,21:15,3135,21:15,2448,21:15,18701,21:18,120315,62271,48817
2026-02-16,Feriado,SEMINUBLADO,19.9,24.1,28.7,6379,21:00,3287,21:15,2521,15:00,19578,21:09,127770,66343,51739
2026-02-17,Feriado,SEMINUBLADO,21.6,24.9,30.2,7089,21:00,3690,21:15,2779,21:15,21764,21:28,133727,70058,53767
2026-02-18,Hábil,NUBLADO,21.6,26.1,31.8,8957,15:45,4662,16:00,3611,15:45,26156,14:53,167371,88387,67675
2026-02-19,Hábil,TORMENTOSO,22.3,25.1,30.4,7575,21:00,3994,21:00,2969,21:00,21057,15:10,152796,81348,60813
2026-02-20,Hábil,SEMINUBLADO,17.6,23.0,28.2,7332,15:30,3767,15:45,2981,15:45,21240,15:47,145381,76418,58789
2026-02-21,No,NUBLADO,19.6,24.2,28.6,6587,14:45,3429,15:15,2626,14:45,19489,21:04,134631,70692,54164
2026-02-22,Feriado,NUBLADO,21.6,25.0,29.6,6820,21:30,3558,21:45,2691,21:45,19481,21:33,132406,69755,53245
2026-02-23,Hábil,TORMENTOSO,23.3,25.7,29.1,8104,21:15,4229,21:15,3263,16:00,22941,15:10,161011,84131,66027
2026-02-24,Hábil,TORMENTOSO,20.3,25.8,32.4,8620,15:15,4454,15:45,3519,16:00,24346,14:58,163853,85517,67191
2026-02-25,Hábil,SEMINUBLADO,15.1,20.6,25.7,6579,21:00,3388,21:00,2602,21:00,19952,21:00,133256,69212,54451
2026-02-26,Hábil,SEMINUBLADO,16.2,21.3,25.2,6747,21:00,3480,21:00,2682,14:30,20148,20:50,134181,69741,54916
2026-02-27,Hábil,SEMINUBLADO,20.4,23.6,27.3,6987,15:30,3615,15:45,2806,15:45,20399,16:15,140585,73747,56993
2026-02-28,No,SEMINUBLADO,20.7,24.9,30.0,6831,20:45,3527,21:00,2703,20:45,20123,20:49,135441,70838,54727
2026-03-01,Feriado,SEMINUBLADO,21.0,25.6,30.6,7048,21:15,3661,21:15,2759,21:30,20554,21:34,135153,70799,54559
2026-03-02,Hábil,SEMINUBLADO,21.2,25.8,30.6,8134,21:15,4288,21:15,3174,21:00,23740,15:24,156768,82340,63816
2026-03-03,Hábil,VARIABLE,20.2,23.4,26.6,7311,20:45,3758,21:00,2930,21:00,20357,20:55,147981,76606,60886
2026-03-04,Hábil,SEMINUBLADO,18.6,25.0,32.8,8201,15:15,4215,15:45,3381,15:45,21816,15:50,156717,81358,64564
2026-03-05,Hábil,VARIABLE,20.0,23.6,27.7,7554,15:45,3917,15:45,3079,15:45,20941,15:47,150968,79372,61363
2026-03-06,Hábil,VARIABLE,22.3,23.5,24.8,6776,13:15,3441,13:30,2795,13:30,19542,20:27,141281,73547,57879
2026-03-07,No,VARIABLE,20.0,22.3,24.7,5941,20:30,3015,20:30,2355,20:45,18123,20:43,123040,63833,49898
2026-03-08,Feriado,SEMINUBLADO,20.1,22.3,25.8,5753,21:00,2962,21:00,2298,21:00,17721,20:48,110757,57437,45036
2026-03-09,Hábil,SEMINUBLADO,19.5,22.2,26.1,6673,20:45,3462,20:45,2625,20:45,19938,20:52,129574,67357,52901
2026-03-10,Hábil,SEMINUBLADO,19.6,22.2,26.1,6707,20:45,3462,20:45,2652,13:30,20120,20:55,133285,69369,54351
2026-03-11,Hábil,BUENO,19.6,22.5,25.9,6841,20:45,3559,21:00,2716,13:45,20174,20:55,136115,71010,55564
2026-03-12,Hábil,VARIABLE,20.9,23.1,27.1,6887,20:45,3589,20:45,2806,14:30,20445,20:38,139531,72772,56862
2026-03-13,Hábil,SEMINUBLADO,20.1,23.1,26.5,6814,20:45,3542,20:45,2743,13:45,20558,20:47,139871,73414,56676
2026-03-14,No,SEMINUBLADO,20.8,23.6,28.2,6375,20:30,3275,20:45,2523,20:30,18922,20:27,127297,66434,51465
2026-03-15,Feriado,SEMINUBLADO,18.7,25.5,31.3,7274,21:00,3818,21:15,2852,21:00,20141,20:58,130199,68436,52316
2026-03-16,Hábil,VARIABLE,24.3,28.4,34.0,9454,20:45,5055,21:00,3744,15:45,23938,20:32,175911,93271,71025
2026-03-17,Hábil,VARIABLE,19.0,23.8,29.4,8513,13:15,4403,13:15,3477,13:15,22740,13:15,161457,84933,65719
2026-03-18,Hábil,BUENO,16.2,21.0,26.8,6602,20:45,3416,20:45,2643,14:45,20059,20:24,132486,69191,53978
2026-03-19,Hábil,BUENO,18.6,22.4,27.4,6847,20:45,3557,20:45,2702,20:30,20716,20:47,133732,69804,54582
2026-03-20,Hábil,VARIABLE,20.3,23.6,29.0,6999,20:45,3653,20:30,2821,14:45,20712,20:41,139819,73258,56785
2026-03-21,No,VARIABLE,15.8,20.0,24.0,5623,13:30,2891,00:15,2261,13:30,17033,20:42,117678,61168,47628
2026-03-22,Feriado,SEMINUBLADO,12.6,19.3,24.1,5362,21:00,2762,21:00,2086,21:00,16365,21:15,102424,53335,40708
2026-03-23,Hábil,VARIABLE,15.5,20.1,26.4,5733,20:15,2984,20:45,2217,20:30,17472,20:24,113996,59791,45403
2026-03-24,Feriado,SOLEADO,10.6,17.9,25.2,5774,20:30,3017,21:00,2237,20:45,17365,20:23,107343,56258,42475
2026-03-25,Hábil,SOLEADO,12.2,19.3,26.5,6342,20:45,3313,20:45,2483,21:00,18626,20:33,121421,63193,48980
2026-03-26,Hábil,SEMINUBLADO,14.8,21.4,27.3,6514,20:30,3409,20:45,2535,20:30,19491,20:28,127815,66832,51415
2026-03-27,Hábil,VARIABLE,21.2,22.9,25.2,6586,20:15,3449,20:30,2611,14:45,20075,20:07,132992,69931,53428
2026-03-28,No,VARIABLE,21.8,23.4,25.4,6378,20:30,3309,20:45,2504,20:30,20093,20:41,125947,65856,50408
2026-03-29,Feriado,VARIABLE,20.5,23.3,25.9,6329,20:45,3312,20:45,2452,21:00,20520,21:15,118412,62336,46994
2026-03-30,Hábil,VARIABLE,22.4,24.6,27.6,7763,20:45,4083,20:45,3027,20:45,24290,20:31,148109,77977,59901
2026-03-31,Hábil,SEMINUBLADO,23.0,26.9,31.3,9153,20:45,4950,20:45,3478,20:30,26480,15:28,170816,91986,67653
2026-04-01,Hábil,VARIABLE,23.6,25.8,29.0,8039,11:45,4151,12:00,3254,12:00,23251,13:01,163733,87013,65764
2026-04-02,Feriado,LLUVIOSO,22.8,25.0,28.9,6983,20:15,3656,20:45,2728,20:15,20545,20:13,139666,73690,55946
2026-04-03,Feriado,LLUVIOSO,19.0,25.9,31.7,7500,20:15,3858,20:30,3011,20:45,20523,20:32,139492,72649,56600
2026-04-04,No,SEMINUBLADO,14.6,17.5,20.7,5393,20:30,2706,20:30,2143,20:45,17169,20:38,108337,55154,44253
2026-04-05,Feriado,SEMINUBLADO,12.7,16.2,20.2,5446,20:45,2779,20:45,2156,21:00,16859,21:01,101337,51962,40621
2026-04-06,Hábil,LLUVIOSO,15.8,17.7,19.2,6477,20:45,3329,20:45,2536,20:45,19203,20:45,122401,63340,49360
2026-04-07,Hábil,VARIABLE,17.0,18.3,19.4,6606,20:30,3416,21:00,2594,20:45,18797,20:48,127736,66272,51433
2026-04-08,Hábil,VARIABLE,16.2,17.8,21.8,6467,20:45,3342,21:00,2543,20:45,18502,20:23,127121,66037,51308
2026-04-09,Hábil,BUENO,12.7,16.7,21.9,6447,20:45,3308,21:00,2535,21:00,18454,20:34,125716,65133,50757
2026-04-10,Hábil,BUENO,11.7,16.8,22.8,6180,20:45,3159,20:45,2437,20:45,18063,20:15,124775,64659,50283
2026-04-11,No,SEMINUBLADO,13.6,19.1,23.8,5647,20:30,2866,20:45,2235,20:45,16807,20:29,113508,58068,45971
2026-04-12,Feriado,SEMINUBLADO,15.5,20.0,26.6,5635,21:00,2873,21:00,2232,21:00,16631,20:26,105819,54165,42856
2026-04-13,Hábil,SEMINUBLADO,15.1,20.4,25.3,6401,20:30,3313,20:45,2523,20:45,18728,20:21,123334,63772,50097
2026-04-14,Hábil,VARIABLE,20.0,22.1,24.8,6588,20:30,3413,20:45,2616,20:30,19066,20:18,128927,66791,52467
2026-04-15,Hábil,LLUVIOSO,19.6,21.4,22.7,6515,20:15,3336,20:30,2598,20:30,18655,20:29,130331,67184,53311
2026-04-16,Hábil,VARIABLE,19.1,20.9,23.2,6477,20:30,3330,20:45,2587,20:30,18777,20:22,129567,66762,53029
2026-04-17,Hábil,SEMINUBLADO,18.3,21.3,26.5,6320,20:00,3236,20:45,2536,20:00,18477,20:18,127876,65855,52366
2026-04-18,No,SEMINUBLADO,16.7,22.1,28.7,5966,19:45,3040,20:00,2402,20:00,17813,19:42,118067,60460,48257
2026-04-19,Feriado,NUBLADO,18.2,22.3,27.8,5878,20:30,3009,20:45,2356,20:45,17447,20:26,110760,56395,45435
2026-04-20,Hábil,VARIABLE,19.8,20.6,21.7,6325,20:45,3251,20:30,2523,20:30,18608,20:28,124874,64345,51104
2026-04-21,Hábil,VARIABLE,15.5,20.1,22.4,6458,20:30,3311,20:30,2579,20:30,18690,20:18,128150,65695,52615
2026-04-22,Hábil,SEMINUBLADO,11.9,16.4,22.3,6403,20:45,3294,21:00,2522,20:45,18882,20:26,125459,64726,50820
2026-04-23,Hábil,SOLEADO,11.8,17.4,23.9,6355,20:30,3263,20:45,2525,20:45,18624,20:28,125797,64739,51240
2026-04-24,Hábil,BUENO,12.2,17.9,23.4,6155,20:30,3158,20:45,2432,20:15,18348,20:32,124907,64131,50969
2026-04-25,No,SEMINUBLADO,14.4,18.9,25.9,5664,20:00,2869,20:30,2266,20:30,17286,20:35,113865,58041,46390
2026-04-26,Feriado,VARIABLE,10.2,14.4,19.6,6344,21:00,3246,21:00,2503,21:00,17783,20:36,111292,56763,44992
2026-04-27,Hábil,SEMINUBLADO,7.8,11.8,18.2,7491,20:45,3887,21:00,2949,21:00,20491,20:55,140744,72517,56972
2026-04-28,Hábil,SEMINUBLADO,7.9,14.8,20.8,7161,21:00,3686,21:00,2825,21:00,20188,21:03,142791,73653,57894
2026-04-29,Hábil,VARIABLE,11.8,16.8,24.4,6706,20:30,3452,21:00,2656,21:00,19429,20:49,135843,69883,55147
2026-04-30,Hábil,SEMINUBLADO,9.1,16.6,23.8,6293,21:00,3221,21:00,2507,21:00,18525,20:27,130836,67163,53096
2026-05-01,Feriado,SEMINUBLADO,16.5,19.8,24.0,5435,20:30,2766,20:45,2167,20:45,16386,20:35,109306,55599,44279
2026-05-02,No,SEMINUBLADO,8.1,13.2,16.9,6556,21:00,3355,21:00,2616,21:00,18376,20:49,118918,60312,48402
2026-05-03,Feriado,SEMINUBLADO,4.6,12.2,18.0,6793,20:45,3482,21:00,2686,21:15,18605,20:41,126573,64885,51067
2026-05-04,Hábil,SEMINUBLADO,12.4,16.4,22.0,6861,20:45,3555,21:00,2693,21:00,19531,20:35,135144,69752,54672
2026-05-05,Hábil,SEMINUBLADO,14.0,19.1,23.2,6587,20:45,3390,20:45,2610,21:00,19554,20:52,132538,68286,53601
2026-05-06,Hábil,VARIABLE,19.6,22.3,25.5,6566,20:45,3389,20:45,2599,21:00,19378,19:57,129184,66785,52381
2026-05-07,Hábil,VARIABLE,11.2,16.0,23.3,7275,20:45,3742,21:00,2918,20:45,19806,20:32,133408,68642,54343
2026-05-08,Hábil,VENTOSO,8.1,10.7,14.7,8127,21:15,4188,21:00,3222,21:00,21157,20:42,157031,80529,63960
2026-05-09,No,VENTOSO,7.0,9.6,12.4,8145,20:30,4173,20:45,3272,20:30,21086,21:09,161803,82593,65986
2026-05-10,Feriado,SEMINUBLADO,5.4,10.4,17.0,8104,21:15,4176,21:15,3224,21:30,20935,21:07,155085,79307,63126
2026-05-11,Hábil,BUENO,4.5,11.9,18.8,8514,21:00,4404,21:00,3379,21:00,22469,20:59,167049,85826,68202
2026-05-12,Hábil,BUENO,9.9,15.4,23.1,7644,20:45,3931,21:15,3032,21:15,20932,21:11,156775,80767,63821
2026-05-13,Hábil,SEMINUBLADO,8.1,12.7,16.8,8343,21:00,4274,21:15,3337,21:15,21744,21:09,160273,81705,66043
2026-05-14,Hábil,SEMINUBLADO,8.6,12.8,18.6,8200,21:15,4217,21:15,3281,21:15,21649,21:02,158783,80994,65282
2026-05-15,Hábil,SEMINUBLADO,7.5,12.9,17.9,7789,21:00,4002,21:00,3098,20:45,21027,20:35,157979,81138,64390
2026-05-16,No,VARIABLE,10.4,13.3,15.8,7592,20:45,3866,20:45,3054,21:00,20510,21:01,149512,76311,60841
2026-05-17,Feriado,SEMINUBLADO,6.5,10.6,15.3,8188,21:00,4206,21:15,3269,21:00,21473,21:18,148997,75913,60896
2026-05-18,Hábil,SOLEADO,4.6,10.2,17.8,8963,21:00,4662,21:00,3536,21:00,23605,20:54,170865,88029,69679
2026-05-19,Hábil,BUENO,7.2,12.0,19.1,8726,21:15,4535,21:00,3437,21:15,23103,21:14,171335,88489,69585
2026-05-20,Hábil,SEMINUBLADO,7.2,11.6,15.5,8949,20:45,4630,21:00,3556,20:45,23312,20:53,174412,89773,70950
2026-05-21,Hábil,SEMINUBLADO,5.5,9.1,13.2,9393,21:00,4879,21:15,3729,21:00,24345,21:11,179612,92069,73514
2026-05-22,Hábil,SEMINUBLADO,5.2,9.7,12.6,9151,20:45,4754,21:00,3606,20:45,23627,20:39,183597,95298,74131
2026-05-23,No,SEMINUBLADO,8.8,12.2,15.1,8114,20:45,4163,21:00,3245,20:45,22028,20:47,161483,82640,65709
2026-05-24,Feriado,SEMINUBLADO,10.1,13.1,15.6,7624,20:45,3870,21:15,3077,21:15,20523,21:06,153885,78057,62870
2026-05-25,Feriado,SEMINUBLADO,9.6,12.9,17.6,7917,21:00,4079,21:00,3164,21:00,20780,21:06,148132,75311,60502
2026-05-26,Hábil,SEMINUBLADO,7.5,11.8,16.7,8948,20:45,4652,21:00,3638,20:45,23088,21:01,171159,86723,70763
2026-05-27,Hábil,SEMINUBLADO,11.4,13.0,14.2,8803,21:00,4499,20:45,3542,21:00,22861,20:49,173297,88524,71058
2026-05-28,Hábil,SEMINUBLADO,12.6,13.8,14.8,8529,20:45,4371,21:00,3448,21:00,22344,20:51,167852,85307,69290
2026-05-29,Hábil,SEMINUBLADO,9.6,12.9,14.6,8278,21:00,4224,21:00,3359,21:00,21686,20:56,165050,83553,68385
2026-05-30,No,SEMINUBLADO,9.1,12.0,17.4,7635,21:15,3886,21:00,3083,21:15,20176,21:04,151793,77039,62240
2026-05-31,Feriado,SEMINUBLADO,7.1,12.0,18.0,7733,21:15,3903,21:15,3136,21:30,19885,20:48,146276,74175,59861
2026-06-01,Hábil,SEMINUBLADO,9.7,12.5,14.4,8773,20:45,4470,21:00,3570,21:00,22249,20:39,167311,84779,69547
2026-06-02,Hábil,SEMINUBLADO,11.5,13.6,16.2,8474,20:45,4319,21:00,3407,20:45,22051,20:51,166148,84692,68387
2026-06-03,Hábil,SEMINUBLADO,13.2,15.1,17.0,8014,21:00,4047,21:00,3261,21:00,21365,20:55,158438,80006,65922
2026-06-04,Hábil,VARIABLE,14.4,15.7,16.8,7943,20:45,4002,21:00,3234,21:00,21106,20:43,156714,78803,65364
2026-06-05,Hábil,VARIABLE,13.6,16.2,20.8,7187,20:45,3627,20:45,2902,21:00,19848,20:42,149058,75123,61963
2026-06-06,No,VARIABLE,14.2,15.6,16.8,6921,20:30,3454,20:30,2812,20:30,18925,20:56,138572,69264,57448
2026-06-07,Feriado,VARIABLE,13.6,15.0,16.4,7313,20:45,3653,20:45,2969,21:15,19305,20:36,134331,67299,55515
2026-06-08,Hábil,VARIABLE,10.6,12.7,13.9,8738,21:00,4463,21:00,3502,21:00,22308,20:43,165633,84424,68347
2026-06-09,Hábil,SEMINUBLADO,7.6,11.7,14.8,8874,20:45,4523,21:00,3570,21:00,22776,20:56,172730,87802,71220
2026-06-10,Hábil,VARIABLE,10.4,13.2,15.0,8608,21:00,4424,21:00,3443,21:00,22463,20:53,170417,87076,69905
2026-06-11,Hábil,BUENO,10.2,13.7,18.5,8315,21:00,4265,21:00,3308,21:00,22169,20:52,161438,82424,66249
2026-06-12,Hábil,SEMINUBLADO,8.2,12.5,17.7,8292,21:00,4287,21:00,3274,21:30,21871,20:50,164379,84839,66556
2026-06-13,No,VARIABLE,7.6,11.5,16.8,8384,21:15,4280,21:30,3377,21:30,21699,20:39,160940,82257,65558
2026-06-14,Feriado,BUENO,2.8,6.8,12.5,8908,21:15,4575,21:00,3576,21:15,22266,20:57,166913,85209,68178
2026-06-15,Feriado,SOLEADO,3.0,8.6,14.6,9235,21:15,4752,21:30,3693,21:30,23463,21:21,174934,89989,71012
2026-06-16,Hábil,BUENO,8.0,12.5,20.2,8766,20:45,4508,21:00,3492,20:45,23191,20:38,177205,90950,72666
2026-06-17,Hábil,SEMINUBLADO,7.8,11.5,15.0,9408,20:45,4779,21:00,3835,21:00,24150,20:54,180365,91974,74238
2026-06-18,Hábil,VARIABLE,10.6,11.6,12.6,9651,20:45,4926,20:45,3921,21:00,24319,21:03,189096,96826,77806
2026-06-19,Hábil,SEMINUBLADO,6.8,10.9,15.7,9010,21:15,4613,21:15,3667,21:30,23279,20:39,180059,92044,74141
2026-06-20,Feriado,SEMINUBLADO,5.2,10.8,16.0,8265,20:45,4232,21:00,3335,21:00,21671,21:24,165268,84738,67272
2026-06-21,Feriado,SEMINUBLADO,8.7,11.5,15.2,8238,21:30,4198,21:45,3322,21:30,21487,20:30,155346,79388,63336
2026-06-22,Hábil,SEMINUBLADO,7.2,9.3,12.5,9840,20:45,5006,21:00,4063,20:45,25189,20:56,185068,94233,76556
2026-06-23,Hábil,VARIABLE,4.9,8.7,12.9,10025,21:00,5092,21:00,4128,21:00,25785,20:49,193359,98454,80185
2026-06-24,Hábil,SEMINUBLADO,4.9,8.5,11.8,10084,20:45,5238,21:00,4020,20:45,25780,20:51,198129,101702,81436
2026-06-25,Hábil,SEMINUBLADO,5.4,9.9,13.8,9890,21:00,5121,21:00,3993,21:00,25415,20:58,192281,98886,78937
2026-06-26,Hábil,SEMINUBLADO,3.4,8.7,13.8,9510,21:00,4894,21:00,3821,21:00,24245,20:57,190495,97671,78189
2026-06-27,No,SEMINUBLADO,8.3,12.9,18.4,7976,00:15,4101,00:15,3262,00:15,21466,20:53,163790,83239,67057
2026-06-28,Feriado,VARIABLE,6.3,11.0,15.4,8568,21:00,4355,21:00,3454,21:30,22199,20:57,156514,78944,64457
2026-06-29,Hábil,SEMINUBLADO,5.1,9.7,17.2,9403,21:15,4853,21:15,3723,21:45,24661,21:03,178915,91580,73381
2026-06-30,Hábil,BUENO,3.4,9.3,15.2,9599,21:00,4924,21:00,3852,21:00,25059,20:55,186276,95150,76690
2026-07-01,Hábil,SEMINUBLADO,4.8,9.4,15.5,9880,21:00,5086,21:00,3967,21:00,25802,20:59,189237,96897,77754
2026-07-02,Hábil,BUENO,2.0,6.1,10.3,10683,21:00,5545,21:15,4294,21:00,27189,20:58,205074,104871,84585
2026-07-03,Hábil,BUENO,-0.2,4.7,10.9,9760,10:45,4955,10:45,4030,10:45,25402,18:53,206372,105716,85139
2026-07-04,No,SEMINUBLADO,1.0,5.4,9.4,9834,20:45,5077,21:00,3924,21:00,25334,20:34,198892,102716,80966
2026-07-05,Feriado,VARIABLE,4.2,7.2,10.0,9947,20:45,5162,21:00,3969,21:15,24903,20:59,191095,98676,77628
2026-07-06,Hábil,SEMINUBLADO,5.1,7.5,12.2,10610,21:00,5558,21:00,4198,21:00,26704,20:57,206327,106113,84683
2026-07-07,Hábil,SEMINUBLADO,2.2,10.3,18.3,9650,21:00,5021,21:00,3906,10:45,25034,20:54,197536,101696,80879
2026-07-08,Hábil,SEMINUBLADO,9.3,13.4,16.9,8744,21:00,4491,21:00,3509,21:15,22967,20:43,180346,92440,73917
2026-07-09,Feriado,SEMINUBLADO,12.6,15.0,18.8,7623,21:00,3880,21:00,3061,21:15,20515,20:56,153191,77726,62773
2026-07-10,Hábil,VARIABLE,10.0,11.9,14.0,8446,20:30,4301,21:00,3407,20:45,22345,20:48,165209,83728,68157
2026-07-11,No,NUBLADO,8.8,10.9,13.0,8424,20:15,4299,20:30,3396,20:30,22033,21:09,163025,82687,66956
2026-07-12,Feriado,SEMINUBLADO,5.2,8.6,13.2,9038,21:15,4636,21:15,3637,21:15,22534,21:16,166102,84185,68173
2026-07-13,Hábil,BUENO,3.0,7.2,9.6,10557,21:00,5493,21:00,4218,21:00,25414,20:58,202255,103885,82910
2026-07-14,Hábil,SEMINUBLADO,8.5,11.6,15.5,9359,21:00,4828,21:00,3742,21:00,23263,20:57,191725,98425,78670
2026-07-15,Hábil,SEMINUBLADO,12.4,15.1,17.9,8047,13:15,4099,13:00,3309,13:00,20504,11:39,169439,86104,69884
2026-07-16,Hábil,SEMINUBLADO,16.2,19.4,23.7,6852,21:00,3484,21:00,2824,11:15,19477,21:00,145930,73937,60371
2026-07-17,Hábil,VARIABLE,19.0,21.5,24.8,6487,20:30,3321,20:45,2596,20:30,19165,20:26,132712,67827,54357
2026-07-18,No,VARIABLE,13.6,16.6,19.6,6714,20:45,3341,20:45,2750,21:00,19155,20:27,126198,63393,52003
2026-07-19,Feriado,SEMINUBLADO,9.3,11.0,12.9,7574,21:30,3807,21:30,3077,21:30,19425,21:29,142584,71025,59051
2026-07-20,Hábil,VARIABLE,10.0,11.6,13.9,8855,20:45,4484,21:00,3629,21:00,22729,20:51,172202,87143,71360
2026-07-21,Hábil,VARIABLE,10.2,11.4,12.3,8981,21:00,4557,21:00,3688,21:00,23706,20:52,178367,90588,73917
2026-07-22,Hábil,VARIABLE,9.5,11.0,14.8,9018,21:00,4522,21:00,3721,21:15,23754,20:48,179304,90709,74473
2026-07-23,Hábil,SEMINUBLADO,10.2,12.9,15.6,8439,20:45,4269,21:00,3429,21:00,22920,20:26,171338,86512,71111
2026-07-24,Hábil,VARIABLE,11.2,14.2,17.2,7683,20:45,3893,21:00,3097,21:15,21182,20:32,159543,80731,65934
2026-07-25,No,SEMINUBLADO,11.2,14.3,17.5,6903,20:45,3448,20:45,2825,21:00,19432,20:44,140883,70509,58196
2026-07-26,Feriado,SEMINUBLADO,11.4,15.7,19.9,6408,21:15,3216,21:00,2616,21:15,18346,20:53,123717,61739,51022
2026-07-27,Hábil,VARIABLE,14.2,15.7,17.9,7225,20:30,3686,21:00,2924,21:00,20118,20:32,144312,72769,59634
2026-07-28,Hábil,SEMINUBLADO,11.2,14.1,17.4,7713,20:45,3864,21:00,3135,21:00,20946,20:49,146414,73540,60820
2026-07-29,Hábil,SEMINUBLADO,8.6,12.5,16.3,7833,21:00,3968,21:00,3152,21:00,21245,20:29,152969,76833,63412
2026-07-30,Hábil,SEMINUBLADO,11.4,14.3,17.0,7669,20:45,3944,21:00,3065,21:15,20859,20:57,156744,80036,64203
2026-07-31,Hábil,VARIABLE,15.0,18.7,24.5,6900,12:45,3454,13:30,2868,12:45,19388,20:02,144289,73042,59395
2026-08-01,No,VARIABLE,11.5,16.5,19.5,6388,21:00,3220,21:15,2587,21:15,18091,20:05,123683,62243,50789
2026-08-02,Feriado,SEMINUBLADO,11.6,15.1,17.5,6672,20:45,3326,21:00,2715,21:00,18130,20:40,128051,64021,52702
2026-08-03,Hábil,VARIABLE,14.0,15.3,16.1,7768,21:00,3967,21:00,3130,21:00,20851,20:42,147703,74603,60808
2026-08-04,Hábil,SEMINUBLADO,12.0,13.8,15.1,8080,20:45,4090,21:00,3271,21:00,20865,20:58,155666,78611,64239
2026-08-05,Hábil,VARIABLE,14.0,15.3,16.9,7680,21:00,3883,21:00,3110,21:00,20868,20:24,153229,77180,63323
2026-08-06,Hábil,TORMENTOSO,8.6,12.8,14.9,8927,21:00,4567,21:00,3616,21:00,22431,20:41,163527,82577,67753
2026-08-07,Hábil,BUENO,5.0,10.0,15.0,8680,21:00,4459,21:30,3476,21:45,22200,20:44,174570,88841,71914
2026-08-08,No,BUENO,6.6,9.7,13.7,8406,21:00,4294,21:30,3407,21:30,21320,20:55,166914,85174,68207
2026-08-09,Feriado,BUENO,4.7,9.4,15.4,8674,21:15,4422,21:30,3509,21:15,21865,20:57,160454,81552,65732
2026-08-10,Hábil,BUENO,3.8,8.7,13.3,9658,21:00,4962,21:15,3888,21:00,24444,20:54,183311,93218,75829
2026-08-11,Hábil,SEMINUBLADO,7.7,9.6,11.5,9875,21:00,5085,21:00,3976,21:15,24956,21:04,191376,97431,79123
2026-08-12,Hábil,VARIABLE,8.6,10.5,12.2,9756,21:00,5029,21:00,3934,21:00,24596,20:50,191752,97701,79195
2026-08-13,Hábil,VARIABLE,8.1,9.8,11.4,9697,21:00,4978,21:00,3908,21:00,24360,21:02,192702,97932,79797
2026-08-14,Hábil,VARIABLE,10.9,12.3,14.1,8727,21:00,4467,21:00,3526,21:00,22923,20:47,182373,93033,75463
2026-08-15,No,VARIABLE,13.5,14.7,15.9,7457,21:00,3763,21:00,3040,21:00,20506,20:54,155095,78486,63988
2026-08-16,Feriado,SEMINUBLADO,12.9,15.7,17.9,6588,21:15,3333,21:15,2648,21:30,18515,21:23,131570,66435,54114
2026-08-17,Feriado,SEMINUBLADO,10.0,12.9,15.5,8258,20:45,4226,21:00,3351,21:00,21819,21:02,145124,73845,59875
2026-08-18,Hábil,SEMINUBLADO,8.2,9.9,12.2,9228,20:45,4744,21:15,3749,21:15,23744,21:32,178260,90585,74308
2026-08-19,Hábil,SEMINUBLADO,5.4,10.8,15.5,8615,21:15,4396,21:15,3508,21:15,23036,21:29,171408,87063,71510
2026-08-20,Hábil,SEMINUBLADO,8.8,12.5,19.1,8189,21:15,4161,21:30,3326,21:45,21919,20:55,167240,84591,69772
2026-08-21,Hábil,SEMINUBLADO,6.2,9.1,13.0,9049,21:15,4660,21:15,3668,21:00,23024,20:47,176332,89537,73563
2026-08-22,No,BUENO,3.8,9.2,15.4,8229,21:00,4209,21:00,3355,21:15,21418,20:41,165442,84117,68647
2026-08-23,Feriado,SEMINUBLADO,5.2,9.1,14.1,8531,21:30,4352,21:30,3490,21:30,21664,21:36,156116,79186,64840
2026-08-24,Hábil,SEMINUBLADO,6.2,9.7,12.5,9336,21:00,4801,21:00,3809,21:00,23393,20:57,177761,90217,74499
2026-08-25,Hábil,SEMINUBLADO,9.1,11.7,14.2,8756,20:45,4468,21:00,3584,21:00,22352,21:02,174241,88356,72883
2026-08-26,Hábil,SEMINUBLADO,10.8,13.5,15.7,8143,20:45,4144,21:00,3336,21:00,21370,20:48,164033,83101,68694
2026-08-27,Hábil,VARIABLE,12.0,13.7,15.3,8246,21:00,4241,21:00,3357,21:00,21544,20:49,162791,82755,67821
2026-08-28,Hábil,SEMINUBLADO,11.0,14.4,19.7,7322,21:15,3723,21:30,2968,21:30,20061,20:53,151721,77102,62999
2026-08-29,No,SEMINUBLADO,7.8,13.8,20.2,6607,21:00,3311,21:00,2713,21:30,18447,20:57,134653,67604,55752
2026-08-30,Feriado,SEMINUBLADO,8.8,15.0,21.2,6426,21:15,3226,21:15,2613,21:30,17889,21:15,123128,61552,50886
2026-08-31,Hábil,SEMINUBLADO,13.8,15.7,18.9,7149,20:45,3653,21:00,2892,21:00,19743,20:43,137855,69509,57158
